{"stats":{"minecraft:mined":{"minecraft:sand":4},"minecraft:used":{"minecraft:sand":4},"minecraft:custom":{"minecraft:jump":55,"minecraft:time_since_rest":7183,"minecraft:crouch_one_cm":662,"minecraft:leave_game":2,"minecraft:play_time":7183,"minecraft:sprint_one_cm":5049,"minecraft:time_since_death":7183,"minecraft:walk_on_water_one_cm":634,"minecraft:walk_one_cm":1328,"minecraft:sneak_time":565,"minecraft:total_world_time":7183,"minecraft:hex":0,"minecraft:fall_one_cm":627,"minecraft:fly_one_cm":7678},"minecraft:picked_up":{"minecraft:sand":4}},"DataVersion":3465}