{"stats":{"minecraft:killed":{"minecells:mutated_bat":1,"minecraft:cave_spider":1,"graveyard:nightmare":1,"minecraft:spider":5,"minecells:undead_archer":1,"naturalist:snail":1,"minecraft:skeleton":5,"minecells:leaping_zombie":2,"minecells:grenadier":1,"artifacts:mimic":1,"graveyard:ghoul":1,"minecraft:pillager":2,"minecraft:zombie":10,"minecells:shieldbearer":2,"minecraft:enderman":1},"minecraft:mined":{"minecraft:dark_oak_planks":2,"indrev:deepslate_tungsten_ore":1,"minecraft:granite":1,"minecraft:grass_block":1,"minecells:rotting_corpse":1,"minecraft:brown_mushroom_block":2,"indrev:deepslate_lead_ore":1,"minecraft:spruce_leaves":3,"minecraft:red_mushroom":2,"minecraft:large_fern":1,"minecraft:hay_block":26,"minecraft:furnace":2,"minecraft:iron_ore":65,"minecraft:cobbled_deepslate":3,"minecraft:cyan_wall_banner":1,"minecraft:andesite":6,"treechop:chopped_log":1,"beachparty:sand_slab":1,"soulsweapons:moonstone_ore_deepslate":5,"minecraft:deepslate_iron_ore":15,"minecraft:iron_bars":2,"minecells:wilted_wall_leaves":1,"regions_unexplored:medium_grass":2,"blahaj:gray_shark":1,"minecraft:stone":97,"minecraft:pink_terracotta":3,"techreborn:deepslate_galena_ore":1,"minecraft:deepslate_redstone_ore":10,"twigs:pebble":1,"minecraft:red_wool":1,"minecraft:torch":7,"indrev:sulfur_crystal":1,"minecraft:tall_grass":4,"minecraft:cobblestone":3,"minecraft:wall_torch":5,"supplementaries:urn":1,"minecraft:yellow_bed":1,"minecraft:black_bed":4,"minecraft:grass":7,"minecraft:coal_ore":27,"minecraft:sand":59,"minecraft:gravel":3,"minecraft:dirt":7,"minecraft:cobweb":1,"twigs:rhyolite":2,"minecells:bloomrock_wilted_grass_block":1,"minecraft:oak_leaves":5,"minecraft:deepslate":283},"minecraft:crafted":{"minecraft:furnace":1,"minecraft:bone_meal":27,"minecraft:iron_boots":2,"minecraft:iron_hoe":1,"minecraft:stone_pickaxe":1,"minecraft:dark_oak_planks":132,"minecraft:wheat":81,"minecraft:crafting_table":9,"minecraft:wooden_pickaxe":1,"minecraft:iron_helmet":3,"minecraft:iron_sword":1,"minecraft:bucket":1,"minecraft:bread":24,"minecraft:air":0,"minecraft:iron_chestplate":1,"minecraft:stick":44,"minecraft:iron_ingot":42,"minecraft:iron_pickaxe":2,"minecraft:iron_shovel":1,"minecraft:iron_leggings":1,"minecraft:torch":88},"minecraft:killed_by":{"minecraft:creeper":1,"minecraft:enderman":1,"minecraft:skeleton":1,"minecraft:zombie":2},"minecraft:used":{"minecraft:iron_bars":2,"minecraft:stone_sword":47,"minecraft:iron_shovel":60,"minecraft:shield":8,"minecraft:iron_sword":115,"minecraft:iron_chestplate":3,"minecraft:torch":102,"minecraft:dirt":8,"minecraft:carrot":5,"minecraft:pink_terracotta":3,"minecraft:granite":1,"minecraft:iron_hoe":16,"minecraft:dark_oak_planks":75,"blahaj:gray_shark":1,"beachparty:rubber_ring_axolotl":1,"minecraft:lantern":1,"minecraft:iron_helmet":3,"minecells:broadsword":69,"minecraft:item_frame":1,"minecraft:furnace":2,"farmersdelight:cooked_mutton_chops":2,"minecraft:cyan_banner":1,"minecraft:potato":11,"minecraft:cobbled_deepslate":81,"minecraft:iron_leggings":1,"expandeddelight:chili_pepper":1,"minecraft:water_bucket":4,"minecraft:stone_pickaxe":54,"minecraft:wooden_pickaxe":3,"paladins:diamond_great_hammer":4,"paladins:priest_robe_chest":1,"minecraft:crafting_table":9,"minecraft:cod":2,"minecraft:black_bed":3,"simplyswords:iron_greathammer":34,"minecraft:apple":19,"minecraft:dark_oak_log":2,"minecraft:bread":87,"minecraft:iron_pickaxe":485,"minecraft:gravel":3,"minecells:bloomrock":1,"minecraft:potion":1,"minecraft:cobblestone":83,"minecraft:bucket":5,"beachparty:rubber_ring_pelican":1},"minecraft:dropped":{"minecraft:spruce_sign":2,"minecraft:iron_sword":1,"minecraft:brown_mushroom":13,"minecraft:wheat_seeds":6,"minecraft:glow_ink_sac":9,"minecraft:glass_bottle":1,"minecraft:dark_oak_sapling":8,"minecraft:cooked_porkchop":1,"minecells:promenade_dimensional_rune":1,"artifacts:cloud_in_a_bottle":1,"minecraft:apple":12,"minecraft:granite":1,"indrev:raw_tungsten":1,"indrev:sulfur_crystal":2,"minecells:monsters_eye":1,"minecraft:red_mushroom":13,"bewitchment:aconite_seeds":3,"minecraft:flint":2,"twigs:pebble":3,"minecells:bloomrock":3,"regions_unexplored:purple_coneflower":1,"bewitchment:garlic":3,"minecraft:potion":1,"farmersdelight:cooked_mutton_chops":1,"beachparty:sand_slab":1,"minecraft:string":10,"ftbquests:book":2,"fishofthieves:grubs":5,"bewitchment:belladonna_seeds":2,"croptopia:glowing_calamari":4,"minecraft:bone":3,"minecraft:redstone":40,"twigs:rhyolite":2,"minecraft:stone_sword":1,"minecraft:cobbled_deepslate":184,"minecraft:rotten_flesh":14,"minecraft:oak_sign":1,"patchouli:guide_book":4,"indrev:raw_lead":1,"beachparty:rubber_ring_axolotl":1,"supplementaries:ash":6,"minecraft:sea_pickle":4,"minecraft:cyan_banner":2,"minecraft:andesite":6,"regions_unexplored:blackwood_sapling":2,"paladins:priest_robe_chest":1,"minecells:guts":3,"minecraft:spider_eye":1,"minecraft:wooden_pickaxe":2,"minecraft:arrow":7,"minecraft:stone_pickaxe":1,"minecraft:beef":3,"botania:black_lotus":1},"minecraft:custom":{"minecraft:interact_with_smithing_table":2,"lootr:looted_stat":87,"minecraft:mob_kills":36,"minecraft:interact_with_crafting_table":22,"minecraft:open_barrel":16,"minecraft:interact_with_campfire":5,"minecraft:bell_ring":1,"minecraft:leave_game":2,"minecraft:time_since_death":158370,"minecraft:climb_one_cm":18593,"minecraft:damage_resisted":0,"minecraft:sprint_one_cm":516441,"minecraft:walk_one_cm":326183,"minecraft:damage_blocked_by_shield":645,"minecraft:drop":112,"minecraft:talked_to_villager":15,"minecraft:play_time":203633,"minecraft:deaths":5,"minecraft:sneak_time":9143,"minecraft:walk_under_water_one_cm":9461,"minecraft:jump":3784,"minecraft:interact_with_blast_furnace":1,"minecraft:walk_on_water_one_cm":37864,"minecraft:total_world_time":203633,"minecraft:interact_with_furnace":21,"minecraft:tune_noteblock":2,"minecraft:sleep_in_bed":2,"minecraft:hex":0,"minecraft:time_since_rest":76449,"minecraft:damage_taken":5906,"minecraft:damage_dealt":9177,"minecraft:swim_one_cm":29209,"minecraft:fly_one_cm":867669,"minecraft:open_chest":8,"minecraft:crouch_one_cm":23068,"minecraft:interact_with_smoker":1,"minecraft:fall_one_cm":175831},"minecraft:broken":{"minecraft:iron_boots":1,"minecraft:iron_pickaxe":1,"minecraft:iron_helmet":2},"minecraft:picked_up":{"beachparty:rubber_ring_axolotl":1,"paladins:priest_robe_chest":1,"minecraft:brown_mushroom":13,"minecraft:wooden_pickaxe":1,"soulsweapons:moonstone":5,"minecraft:potion":1,"minecraft:string":12,"minecraft:item_frame":1,"minecraft:oak_sign":6,"minecraft:sea_pickle":4,"minecraft:cobbled_deepslate":265,"twigs:pebble":3,"minecraft:beef":3,"beachparty:sand_slab":1,"minecraft:furnace":2,"minecraft:dark_oak_sapling":8,"minecells:guts":3,"minecraft:raw_iron":79,"minecraft:torch":14,"minecells:monsters_eye":1,"minecraft:carrot":1,"minecraft:redstone":40,"minecells:promenade_dimensional_rune":1,"minecraft:pink_terracotta":3,"minecraft:dark_oak_planks":4,"regions_unexplored:purple_coneflower":2,"indrev:raw_lead":1,"bewitchment:garlic":3,"minecraft:arrow":7,"minecraft:rotten_flesh":14,"minecraft:hay_block":26,"expandeddelight:chili_pepper":1,"supplementaries:ash":6,"minecraft:iron_bars":2,"minecells:broadsword":1,"minecraft:cobblestone":94,"minecraft:glow_ink_sac":9,"minecraft:andesite":6,"minecraft:black_bed":4,"minecraft:red_mushroom":13,"croptopia:glowing_calamari":4,"minecraft:potato":1,"minecraft:flint":2,"fishofthieves:grubs":5,"minecraft:yellow_bed":1,"indrev:raw_tungsten":1,"artifacts:cloud_in_a_bottle":1,"bewitchment:aconite_seeds":3,"minecraft:dirt":8,"minecraft:lantern":1,"minecraft:bone":6,"minecraft:apple":1,"minecraft:wheat_seeds":6,"ftbquests:book":1,"twigs:twig":4,"minecraft:cooked_porkchop":1,"patchouli:guide_book":2,"minecraft:gravel":3,"minecraft:sand":58,"bewitchment:belladonna_seeds":3,"minecraft:spider_eye":1,"farmersdelight:cooked_mutton_chops":3,"minecraft:dark_oak_log":45,"blahaj:gray_shark":1,"indrev:sulfur_crystal":2,"minecraft:cyan_banner":3,"regions_unexplored:blackwood_sapling":2,"minecraft:granite":2,"minecells:bloomrock":4,"minecraft:bread":2,"minecraft:spruce_sign":2,"minecraft:emerald":2,"twigs:rhyolite":2,"minecraft:coal":45}},"DataVersion":3465}