{"stats":{"minecraft:killed":{"minecells:mutated_bat":3,"minecraft:spider":1,"minecells:undead_archer":13,"minecraft:skeleton":1,"minecells:leaping_zombie":26,"minecells:grenadier":8,"artifacts:mimic":1,"minecraft:pig":1,"minecells:runner":2,"minecraft:sheep":2,"tinyskeletons:baby_skeleton":1,"minecraft:zombie":6,"minecells:shieldbearer":7},"minecraft:mined":{"minecraft:dark_oak_planks":3,"regions_unexplored:tall_pink_bioshroom":1,"minecraft:tuff":2,"minecells:small_prison_bricks":2,"croptopia:orange_crop":5,"minecraft:deepslate_diamond_ore":1,"minecraft:dark_oak_log":1,"beachparty:beach_grass":1,"minecraft:grass_block":4,"minecells:rotting_corpse":1,"twigs:twig":1,"minecraft:spawner":1,"minecraft:hay_block":6,"minecraft:furnace":2,"minecraft:iron_ore":2,"minecraft:fire":1,"minecraft:andesite":4,"treechop:chopped_log":1,"indrev:deepslate_nikolite_ore":1,"croptopia:peach_crop":3,"minecraft:deepslate_iron_ore":8,"bewitchment:salt_ore":1,"minecraft:iron_bars":3,"minecells:wilted_wall_leaves":1,"regions_unexplored:medium_grass":2,"minecraft:stone":65,"fastpaintings:painting":1,"techreborn:deepslate_bauxite_ore":1,"minecraft:crafting_table":8,"minecraft:torch":6,"techreborn:deepslate_tin_ore":2,"indrev:sulfur_crystal":1,"minecraft:tall_grass":12,"minecells:brittle_barrel":1,"minecraft:cobblestone":7,"minecells:alchemy_equipment_0":3,"minecraft:sugar_cane":2,"minecells:alchemy_equipment_2":2,"minecraft:wall_torch":20,"powah:deepslate_uraninite_ore_poor":4,"supplementaries:urn":1,"minecells:bloomrock":1,"minecraft:yellow_bed":3,"minecraft:grass":58,"minecraft:mycelium":1,"minecraft:gravel":1,"minecraft:dirt":11,"regions_unexplored:clover":5,"minecraft:oak_leaves":2,"minecraft:deepslate":47,"minecraft:fern":1},"minecraft:crafted":{"minecraft:furnace":1,"minecraft:cooked_mutton":2,"minecraft:iron_axe":1,"minecraft:stone_pickaxe":1,"minecraft:chest":1,"minecraft:dark_oak_planks":184,"minecraft:wheat":54,"minecraft:cooked_porkchop":1,"minecraft:crafting_table":1,"minecraft:wooden_pickaxe":1,"minecraft:bucket":1,"minecraft:stone_axe":1,"minecraft:bread":18,"minecraft:air":0,"minecraft:charcoal":7,"minecraft:shield":1,"minecraft:stick":72,"minecraft:iron_pickaxe":1,"minecraft:torch":96},"minecraft:killed_by":{"minecells:leaping_zombie":1},"minecraft:used":{"minecraft:stone_sword":18,"spellbladenext:monkeystaff":28,"minecraft:chest":1,"minecraft:shield":28,"minecraft:iron_sword":68,"minecraft:rotten_flesh":2,"minecraft:torch":95,"minecraft:iron_chestplate":9,"fishofthieves:earthworms":2,"minecraft:dirt":15,"minecraft:chainmail_chestplate":1,"regions_unexplored:clover":11,"minecraft:tuff":3,"minecells:crowbar":49,"beachparty:rubber_ring_axolotl":7,"minecraft:iron_axe":8,"minecraft:iron_helmet":1,"minecells:broadsword":6,"minecraft:iron_boots":1,"minecraft:item_frame":4,"minecells:brittle_barrel":1,"archers:mechanic_shortbow":5,"croptopia:peach":3,"minecraft:oak_sapling":1,"minecraft:furnace":2,"minecraft:egg":1,"minecraft:dark_oak_sapling":3,"minecraft:cooked_beef":1,"minecraft:cobbled_deepslate":46,"minecraft:iron_leggings":1,"minecraft:golden_boots":1,"minecraft:cooked_mutton":2,"techreborn:deepslate_bauxite_ore":1,"minecraft:water_bucket":14,"minecraft:stone_pickaxe":30,"minecraft:wooden_pickaxe":3,"paladins:priest_robe_chest":1,"minecraft:white_wool":1,"regions_unexplored:tall_pink_bioshroom":1,"minecraft:crafting_table":8,"simplyswords:watcher_claymore":180,"croptopia:orange":5,"minecraft:apple":12,"minecraft:bread":28,"minecraft:iron_pickaxe":132,"minecraft:brown_wool":1,"minecraft:gravel":1,"minecraft:golden_helmet":1,"minecraft:stone_axe":15,"minecells:small_prison_bricks":1,"minecraft:cobblestone":56,"minecraft:cooked_porkchop":1,"minecraft:cooked_rabbit":1,"minecraft:andesite":3,"minecraft:bucket":15,"minecraft:pumpkin_pie":1,"minecraft:yellow_bed":3,"minecraft:chainmail_leggings":1},"minecraft:dropped":{"minecraft:golden_boots":1,"minecraft:wheat_seeds":9,"minecraft:golden_helmet":2,"minecraft:glass_bottle":1,"minecraft:dark_oak_sapling":2,"minecraft:oak_fence":1,"minecells:crowbar":1,"indrev:sulfur_crystal":9,"graveyard:corruption":3,"techreborn:deepslate_galena_ore":1,"minecraft:red_mushroom":13,"minecraft:stick":1,"bewitchment:aconite_seeds":6,"minecraft:oxeye_daisy":1,"minecells:broadsword":1,"techreborn:raw_tin":2,"minecraft:torch":2,"minecraft:potion":3,"minecraft:chain":2,"minecraft:chainmail_leggings":1,"ftbquests:book":1,"powah:uraninite_raw":4,"twigs:twig":9,"minecraft:bone":9,"minecraft:stone_axe":1,"bewitchment:salt":1,"minecraft:stone_sword":1,"minecraft:cobbled_deepslate":4,"minecraft:rotten_flesh":35,"regions_unexplored:clover":8,"patchouli:guide_book":2,"minecraft:chainmail_chestplate":1,"beachparty:rubber_ring_axolotl":2,"minecells:small_prison_bricks":2,"minecraft:andesite":1,"minecraft:leather_boots":2,"minecraft:oak_sapling":2,"paladins:priest_robe_chest":2,"minecells:guts":1,"minecraft:painting":1,"indrev:nikolite_dust":15,"minecraft:iron_bars":3,"minecraft:wooden_pickaxe":1,"minecraft:stone_pickaxe":1,"regions_unexplored:blue_lupine":1},"minecraft:custom":{"lootr:looted_stat":52,"minecraft:mob_kills":74,"minecraft:interact_with_crafting_table":12,"minecraft:damage_dealt_resisted":0,"minecraft:eat_cake_slice":3,"minecraft:leave_game":5,"minecraft:time_since_death":78087,"minecraft:damage_resisted":0,"minecraft:climb_one_cm":4368,"minecraft:sprint_one_cm":438210,"minecraft:walk_one_cm":231596,"minecraft:damage_blocked_by_shield":968,"minecraft:drop":97,"minecraft:play_time":163499,"minecraft:sneak_time":897,"minecraft:deaths":1,"minecraft:walk_under_water_one_cm":7251,"minecraft:interact_with_brewingstand":1,"minecraft:jump":2627,"minecraft:walk_on_water_one_cm":17291,"minecraft:total_world_time":163499,"minecraft:interact_with_furnace":16,"minecraft:interact_with_cartography_table":1,"minecraft:sleep_in_bed":2,"minecraft:hex":2,"minecraft:time_since_rest":17404,"minecraft:damage_taken":2224,"minecraft:damage_absorbed":169,"minecraft:damage_dealt":14534,"minecraft:swim_one_cm":16127,"minecraft:fly_one_cm":494457,"minecraft:open_chest":4,"minecraft:crouch_one_cm":1936,"minecraft:threat":10,"minecraft:fall_one_cm":65675,"minecraft:interact_with_smithing_table":3},"minecraft:picked_up":{"techreborn:raw_tin":2,"techreborn:deepslate_galena_ore":1,"minecraft:crafting_table":8,"beachparty:rubber_ring_axolotl":1,"croptopia:peach":3,"minecells:brittle_barrel":1,"paladins:priest_robe_chest":1,"minecells:small_prison_bricks":3,"minecraft:cooked_rabbit":1,"minecraft:potion":2,"minecraft:chain":1,"minecraft:shield":1,"artifacts:power_glove":1,"minecraft:item_frame":4,"graveyard:corruption":3,"minecraft:cobbled_deepslate":50,"minecraft:sugar_cane":11,"minecraft:furnace":2,"minecraft:egg":1,"minecraft:dark_oak_sapling":5,"minecraft:golden_helmet":1,"minecells:guts":5,"minecraft:stick":1,"minecraft:raw_iron":10,"minecraft:oak_fence":1,"minecraft:torch":30,"regions_unexplored:blue_lupine":1,"minecraft:porkchop":1,"minecraft:dark_oak_planks":2,"botania:black_lotus":1,"minecraft:arrow":4,"minecraft:rotten_flesh":49,"minecraft:pumpkin_pie":1,"minecraft:hay_block":6,"minecraft:mutton":2,"minecraft:iron_bars":4,"minecraft:white_wool":1,"minecraft:cobblestone":78,"minecraft:oxeye_daisy":1,"minecraft:cooked_beef":1,"minecraft:andesite":10,"minecraft:brown_wool":1,"minecraft:red_mushroom":13,"minecraft:tuff":3,"minecraft:oak_log":7,"minecraft:golden_boots":1,"minecraft:yellow_bed":3,"bewitchment:aconite_seeds":6,"minecraft:dirt":15,"minecraft:leather_boots":1,"minecraft:bone":9,"minecraft:apple":12,"minecraft:wheat_seeds":9,"fishofthieves:earthworms":2,"techreborn:deepslate_bauxite_ore":1,"minecraft:glass_bottle":1,"twigs:twig":9,"patchouli:guide_book":1,"minecraft:gravel":1,"bewitchment:belladonna_seeds":1,"powah:uraninite_raw":4,"bewitchment:salt":1,"minecraft:dark_oak_log":46,"indrev:sulfur_crystal":9,"regions_unexplored:tall_pink_bioshroom":1,"minecraft:chainmail_leggings":1,"regions_unexplored:clover":19,"croptopia:orange":5,"minecraft:painting":1,"indrev:nikolite_dust":15,"minecraft:oak_sapling":3}},"DataVersion":3465}